m,p(m),p(m)<p_0.92 and p_0.96,delta0_lo (eps of A.60),gap_lo (eps of A.60),sup_eps delta0_lo,sup_eps gap_lo
231,2.82280900060e-436,yes,4.07123102830e-457,8.23238290090e-457,4.07992590889e-457,8.24996470498e-457
232,1.40167067616e-438,yes,2.02157678646e-459,4.08780392320e-459,2.02589424441e-459,4.09653419833e-459
233,6.93014857911e-441,yes,9.99509209446e-462,2.02109447190e-461,1.00164384960e-461,2.02541089977e-461
234,3.41176545433e-443,yes,4.92066072342e-464,9.95000355398e-464,4.93116972111e-464,9.97125366045e-464
235,1.67249098017e-445,yes,2.41217070357e-466,4.87761876348e-466,2.41732234839e-466,4.88803583695e-466
236,8.16402376759e-448,yes,1.17746637733e-468,2.38093932861e-468,1.17998107853e-468,2.38602427295e-468
237,3.96833560349e-450,yes,5.72338087211e-471,1.15731734454e-470,5.73560422984e-471,1.15978901368e-470
238,1.92080782152e-452,yes,2.77030872465e-473,5.60180496181e-473,2.77622524066e-473,5.61376867130e-473
239,9.25845443678e-455,yes,1.33531198778e-475,2.70011686862e-475,1.33816379801e-475,2.70588347671e-475
240,4.44405812966e-457,yes,6.40949754135e-478,1.29605609694e-477,6.42318623045e-478,1.29882406882e-477
241,2.12429666613e-459,yes,3.06379301561e-480,6.19525569989e-480,3.07033632260e-480,6.20848683519e-480
242,1.01123543776e-461,yes,1.45846675784e-482,2.94914651499e-482,1.46158158828e-482,2.95544497278e-482
243,4.79400503827e-464,yes,6.91421277794e-485,1.39811390340e-484,6.92897938148e-485,1.40109983895e-484
244,2.26339910003e-466,yes,3.26441521319e-487,6.60093121607e-487,3.27138698667e-487,6.61502874783e-487
245,1.06425949520e-468,yes,1.53494135738e-489,3.10378480037e-489,1.53821951373e-489,3.11041351734e-489
246,4.98384934337e-471,yes,7.18801806386e-492,1.45347971139e-491,7.20336943016e-492,1.45658389105e-491
247,2.32445119173e-473,yes,3.35246834395e-494,6.77898229767e-494,3.35962817147e-494,6.79346009105e-494
248,1.07974506971e-475,yes,1.55727561783e-496,3.14894661569e-496,1.56060147320e-496,3.15567178423e-496
249,4.99544706948e-478,yes,7.20474502710e-499,1.45686204870e-498,7.22013211698e-499,1.45997345198e-498
250,2.30190200962e-480,yes,3.31994650849e-501,6.71322032044e-501,3.32703687950e-501,6.72755766673e-501
251,1.05649048410e-482,yes,1.52373640549e-503,3.08112741400e-503,1.52699063154e-503,3.08770774186e-503
252,4.82967078443e-485,yes,6.96565213938e-506,1.40851538925e-505,6.98052860136e-506,1.41152353913e-505
253,2.19912282358e-487,yes,3.17171196228e-508,6.41347718745e-508,3.17848575050e-508,6.42717437583e-508
254,9.97397438098e-490,yes,1.43850873249e-510,2.90878965352e-510,1.44158093881e-510,2.91500192163e-510
255,4.50588960270e-492,yes,6.49867474446e-513,1.31408850229e-512,6.51255388827e-513,1.31689498577e-512
256,2.02765032122e-494,yes,2.92440363501e-515,5.91339826033e-515,2.93064924972e-515,5.92602743599e-515
257,9.08892284063e-497,yes,1.31086108464e-517,2.65067501786e-517,1.31366067536e-517,2.65633603356e-517
258,4.05830973349e-499,yes,5.85314716863e-520,1.18355721727e-519,5.86564766673e-520,1.18608492661e-519
259,1.80508602818e-501,yes,2.60340754373e-522,5.26431627144e-522,2.60896761084e-522,5.27555921027e-522
260,7.99791963254e-504,yes,1.15350980399e-524,2.33249705565e-524,1.15597334141e-524,2.33747854239e-524
281,1.26882495686e-553,yes,1.82997841255e-574,3.70037536259e-574,1.83388667609e-574,3.70827821107e-574
301,1.09996817896e-601,yes,1.58644264609e-622,3.20792488124e-622,1.58983079314e-622,3.21477600897e-622
351,2.76116450996e-724,yes,3.98232350287e-745,8.05260415903e-745,3.99082850470e-745,8.06980201176e-745
401,5.51364778092e-850,yes,7.95212638193e-871,1.60798905287e-870,7.96910964544e-871,1.61142321633e-870
