c,n_min,m=2n_min+1,delta0_lo,gap_lo
1.0000e-2,124,249,2.12282e-498,4.29253e-498
2.0000e-2,123,247,9.77803e-494,1.97720e-493
3.0000e-2,122,245,4.43122e-489,8.96033e-489
4.0000e-2,121,243,1.97548e-484,3.99461e-484
5.0000e-2,121,243,1.95491e-484,3.95300e-484
6.0000e-2,120,241,8.57132e-480,1.73319e-479
7.0000e-2,120,241,8.48014e-480,1.71475e-479
8.0000e-2,120,241,8.38895e-480,1.69632e-479
9.0000e-2,120,241,8.29777e-480,1.67788e-479
1.0000e-1,119,239,3.57672e-475,7.23245e-475
1.1000e-1,119,239,3.53698e-475,7.15209e-475
1.2000e-1,119,239,3.49724e-475,7.07173e-475
1.3000e-1,119,239,3.45750e-475,6.99137e-475
1.4000e-1,119,239,3.41776e-475,6.91101e-475
1.5000e-1,119,239,3.37802e-475,6.83065e-475
1.6000e-1,118,237,1.43084e-470,2.89329e-470
1.7000e-1,118,237,1.41381e-470,2.85884e-470
1.8000e-1,118,237,1.39677e-470,2.82440e-470
1.9000e-1,118,237,1.37974e-470,2.78996e-470
2.0000e-1,118,237,1.36270e-470,2.75551e-470
2.1000e-1,118,237,1.34567e-470,2.72107e-470
2.2000e-1,118,237,1.32864e-470,2.68662e-470
2.3000e-1,118,237,1.31160e-470,2.65218e-470
2.4000e-1,118,237,1.29457e-470,2.61774e-470
2.5000e-1,117,235,5.38430e-466,1.08875e-465
2.6000e-1,117,235,5.31251e-466,1.07423e-465
2.7000e-1,117,235,5.24072e-466,1.05972e-465
2.8000e-1,117,235,5.16893e-466,1.04520e-465
2.9000e-1,117,235,5.09714e-466,1.03068e-465
3.0000e-1,117,235,5.02535e-466,1.01617e-465
3.1000e-1,117,235,4.95356e-466,1.00165e-465
3.2000e-1,117,235,4.88177e-466,9.87137e-466
3.3000e-1,117,235,4.80998e-466,9.72620e-466
3.4000e-1,117,235,4.73819e-466,9.58103e-466
3.5000e-1,117,235,4.66640e-466,9.43586e-466
3.6000e-1,117,235,4.59461e-466,9.29070e-466
3.7000e-1,117,235,4.52282e-466,9.14553e-466
3.8000e-1,117,235,4.45102e-466,9.00036e-466
3.9000e-1,117,235,4.37923e-466,8.85520e-466
4.0000e-1,117,235,4.30744e-466,8.71003e-466
4.1000e-1,116,233,1.75509e-461,3.54894e-461
4.2000e-1,116,233,1.72534e-461,3.48879e-461
4.3000e-1,116,233,1.69559e-461,3.42864e-461
4.4000e-1,116,233,1.66584e-461,3.36849e-461
4.5000e-1,116,233,1.63610e-461,3.30833e-461
4.6000e-1,116,233,1.60635e-461,3.24818e-461
4.7000e-1,116,233,1.57660e-461,3.18803e-461
4.8000e-1,116,233,1.54685e-461,3.12788e-461
4.9000e-1,116,233,1.51711e-461,3.06773e-461
5.0000e-1,116,233,1.48736e-461,3.00758e-461
5.1000e-1,116,233,1.45761e-461,2.94742e-461
5.2000e-1,116,233,1.42787e-461,2.88727e-461
5.3000e-1,116,233,1.39812e-461,2.82712e-461
5.4000e-1,116,233,1.36837e-461,2.76697e-461
5.5000e-1,116,233,1.33862e-461,2.70682e-461
5.6000e-1,116,233,1.30888e-461,2.64667e-461
5.7000e-1,116,233,1.27913e-461,2.58651e-461
5.8000e-1,116,233,1.24938e-461,2.52636e-461
5.9000e-1,116,233,1.21963e-461,2.46621e-461
6.0000e-1,116,233,1.18989e-461,2.40606e-461
6.1000e-1,116,233,1.16014e-461,2.34591e-461
6.2000e-1,116,233,1.13039e-461,2.28576e-461
6.3000e-1,116,233,1.10065e-461,2.22560e-461
6.4000e-1,116,233,1.07090e-461,2.16545e-461
6.5000e-1,116,233,1.04115e-461,2.10530e-461
6.6000e-1,116,233,1.01140e-461,2.04515e-461
6.6328e-1,116,233,1.00165e-461,2.02542e-461
6.6329e-1,115,231,4.07983e-457,8.24977e-457
6.6400e-1,115,231,4.07123e-457,8.23238e-457
6.7000e-1,115,231,3.99853e-457,8.08537e-457
6.8000e-1,115,231,3.87736e-457,7.84036e-457
6.9000e-1,115,231,3.75619e-457,7.59535e-457
7.0000e-1,115,231,3.63502e-457,7.35034e-457
7.1000e-1,115,231,3.51386e-457,7.10533e-457
7.2000e-1,115,231,3.39269e-457,6.86031e-457
7.3000e-1,115,231,3.27152e-457,6.61530e-457
7.4000e-1,115,231,3.15035e-457,6.37029e-457
7.5000e-1,115,231,3.02918e-457,6.12528e-457
7.6000e-1,115,231,2.90802e-457,5.88027e-457
7.7000e-1,115,231,2.78685e-457,5.63526e-457
7.8000e-1,115,231,2.66568e-457,5.39025e-457
7.9000e-1,115,231,2.54451e-457,5.14523e-457
8.0000e-1,115,231,2.42335e-457,4.90022e-457
8.1000e-1,115,231,2.30218e-457,4.65521e-457
8.2000e-1,115,231,2.18101e-457,4.41020e-457
8.3000e-1,115,231,2.05984e-457,4.16519e-457
8.4000e-1,115,231,1.93868e-457,3.92018e-457
8.5000e-1,115,231,1.81751e-457,3.67517e-457
8.6000e-1,115,231,1.69634e-457,3.43015e-457
8.7000e-1,115,231,1.57517e-457,3.18514e-457
8.8000e-1,115,231,1.45401e-457,2.94013e-457
8.9000e-1,115,231,1.33284e-457,2.69512e-457
9.0000e-1,115,231,1.21167e-457,2.45011e-457
9.1000e-1,115,231,1.09050e-457,2.20510e-457
9.2000e-1,115,231,9.69340e-458,1.96009e-457
9.3000e-1,115,231,8.48173e-458,1.71507e-457
9.4000e-1,115,231,7.27005e-458,1.47006e-457
9.5000e-1,115,231,6.05837e-458,1.22505e-457
9.6000e-1,115,231,4.84670e-458,9.80045e-458
9.7000e-1,115,231,3.63502e-458,7.35034e-458
9.8000e-1,115,231,2.42335e-458,4.90022e-458
9.9000e-1,115,231,1.21167e-458,2.45011e-458
