m,phat(m)=2p(m),relaxed sign control k<=115,delta0_lo (eps of A.60),gap_lo (eps of A.60),sup_eps delta0_lo,sup_eps gap_lo
231,5.64561800119e-436,yes,8.14246205660e-457,1.64647658018e-456,8.15985181779e-457,1.64999294099e-456
232,2.80334135232e-438,yes,4.04315357293e-459,8.17560784641e-459,4.05178848883e-459,8.19306839667e-459
233,1.38602971582e-440,yes,1.99901841889e-461,4.04218894380e-461,2.00328769920e-461,4.05082179955e-461
234,6.82353090867e-443,yes,9.84132144685e-464,1.99000071079e-463,9.86233944222e-464,1.99425073209e-463
235,3.34498196033e-445,yes,4.82434140714e-466,9.75523752696e-466,4.83464469678e-466,9.77607167390e-466
236,1.63280475352e-447,yes,2.35493275467e-468,4.76187865723e-468,2.35996215707e-468,4.77204854590e-468
237,7.93667120698e-450,yes,1.14467617442e-470,2.31463468908e-470,1.14712084596e-470,2.31957802737e-470
238,3.84161564304e-452,yes,5.54061744930e-473,1.12036099236e-472,5.55245048133e-473,1.12275373426e-472
239,1.85169088736e-454,yes,2.67062397556e-475,5.40023373725e-475,2.67632759602e-475,5.41176695342e-475
240,8.88811625931e-457,yes,1.28189950827e-477,2.59211219388e-477,1.28463724609e-477,2.59764813764e-477
301,2.19993635792e-601,yes,3.17288529219e-622,6.41584976249e-622,3.17966158628e-622,6.42955201795e-622
