k,2k+1,"R(m=229,k)","R(m=230,k)","R(m=231,k)","R(m=232,k)","R(m=233,k)","R(m=234,k)","R(m=235,k)","R(m=236,k)","R(m=237,k)","R(m=238,k)","R(m=239,k)","R(m=240,k)","R(m=241,k)"
0,1,3.041658248e-429,1.523474044e-431,7.597584845e-434,3.772593854e-436,1.865248120e-438,9.182759976e-441,4.501506167e-443,2.197345383e-445,1.068076743e-447,5.169850455e-450,2.491911181e-452,1.196117367e-454,5.717540278e-457
1,3,1.375171011e-428,6.887813063e-431,3.434961320e-433,1.705635966e-435,8.433015589e-438,4.151638444e-440,2.035186165e-442,9.934468059e-445,4.828905993e-447,2.337352817e-449,1.126623617e-451,5.407793363e-454,2.584970105e-456
2,5,2.072438951e-427,1.038021596e-429,5.176627181e-432,2.570463152e-434,1.270889936e-436,6.256688917e-439,3.067108780e-441,1.497164964e-443,7.277358810e-446,3.522486281e-448,1.697867864e-450,8.149765749e-453,3.895655661e-455
3,7,6.558825528e-426,3.285116091e-428,1.638291661e-430,8.134965488e-433,4.022094525e-435,1.980108074e-437,9.706742557e-440,4.738206536e-442,2.303128240e-444,1.114791484e-446,5.373388243e-449,2.579226357e-451,1.232891603e-453
4,9,3.558390586e-424,1.782289546e-426,8.888301111e-429,4.413501241e-431,2.182125936e-433,1.074277384e-435,5.266244877e-438,2.570641567e-440,1.249527040e-442,6.048130883e-445,2.915249698e-447,1.399319855e-449,6.688865033e-452
5,11,2.949452074e-422,1.477290778e-424,7.367268294e-427,3.658229774e-429,1.808704163e-431,8.904389724e-434,4.365045516e-436,2.130734082e-438,1.035698592e-440,5.013129319e-443,2.416370283e-445,1.159857736e-447,5.544216230e-450
6,13,3.467057016e-420,1.736543340e-422,8.660164191e-425,4.300219460e-427,2.126117089e-429,1.046703798e-431,5.131075639e-434,2.504660651e-436,1.217455304e-438,5.892892899e-441,2.840423690e-443,1.363403371e-445,6.517181260e-448
7,15,5.486246545e-418,2.747893922e-420,1.370378267e-422,6.804636914e-425,3.364352672e-427,1.656296700e-429,8.119377865e-432,3.963357331e-434,1.926492677e-436,9.324872118e-439,4.494666393e-441,2.157439869e-443,1.031274161e-445
8,17,1.124447715e-415,5.632016381e-418,2.808693883e-420,1.394661790e-422,6.895495204e-425,3.394705331e-427,1.664127890e-429,8.123200547e-432,3.948492418e-434,1.911203053e-436,9.212158648e-439,4.421836151e-441,2.113674376e-443
9,19,2.897746661e-413,1.451393110e-415,7.238116290e-418,3.594099123e-420,1.776996648e-422,8.748291191e-425,4.288524022e-427,2.093381217e-429,1.017542263e-431,4.925246582e-434,2.374010068e-436,1.139524833e-438,5.447023267e-441
10,21,9.170747716e-411,4.593348421e-413,2.290708823e-415,1.137455416e-417,5.623813900e-420,2.768646843e-422,1.357226027e-424,6.625103318e-427,3.220303385e-429,1.558735084e-431,7.513233542e-434,3.606352100e-436,1.723866232e-438
11,23,3.496635037e-408,1.751358071e-410,8.734045443e-413,4.336905324e-415,2.144255336e-417,1.055633396e-419,5.174849670e-422,2.526028313e-424,1.227841611e-426,5.943166115e-429,2.864655801e-431,1.375034784e-433,6.572780381e-436
12,25,1.580871599e-405,7.918104703e-408,3.948769099e-410,1.960768104e-412,9.694441442e-415,4.772648095e-417,2.339613023e-419,1.142048391e-421,5.551222559e-424,2.686978314e-426,1.295146033e-428,6.216700957e-431,2.971634648e-433
13,27,8.362357904e-403,4.188450567e-405,2.088785737e-407,1.037190159e-409,5.128081818e-412,2.524594126e-414,1.237588269e-416,6.041108840e-419,2.936437714e-421,1.421334558e-423,6.850951508e-426,3.288456724e-428,1.571909604e-430
14,29,5.116580628e-400,2.562739515e-402,1.278041524e-404,6.346137223e-407,3.137660979e-409,1.544694636e-411,7.572290300e-414,3.696304418e-416,1.796684679e-418,8.696557774e-421,4.191813621e-423,2.012070538e-425,9.617864150e-428
15,31,3.585566756e-397,1.795901262e-399,8.956182917e-402,4.447208069e-404,2.198791286e-406,1.082481864e-408,5.306464285e-411,2.590274092e-413,1.259069938e-415,6.094321718e-418,2.937514067e-420,1.410006752e-422,6.739949288e-425
16,33,2.853098547e-394,1.429030229e-396,7.126592310e-399,3.538721699e-401,1.749616909e-403,8.613498627e-406,4.222446986e-408,2.061126664e-410,1.001864100e-412,4.849359006e-415,2.337431621e-417,1.121967178e-419,5.363096221e-422
17,35,2.558343032e-391,1.281396162e-393,6.390339302e-396,3.173133998e-398,1.568862818e-400,7.723632334e-403,3.786223170e-405,1.848190293e-407,8.983608513e-410,4.348368491e-412,2.095950000e-414,1.006056000e-416,4.809031171e-419
18,37,2.567781363e-388,1.286123535e-390,6.413914772e-393,3.184840439e-395,1.574650723e-397,7.752126638e-400,3.800191441e-402,1.855008703e-404,9.016751166e-407,4.364410649e-409,2.103682455e-411,1.009767578e-413,4.826772823e-416
19,39,2.867485879e-385,1.436236406e-387,7.162529608e-390,3.556566426e-392,1.758439709e-394,8.656933953e-397,4.243739538e-399,2.071520317e-401,1.006916205e-403,4.873812890e-406,2.349218598e-408,1.127624927e-410,5.390140730e-413
20,41,3.543563159e-382,1.774862939e-384,8.851264525e-387,4.395110661e-389,2.173033254e-391,1.069800986e-393,5.244301006e-396,2.559929983e-398,1.244320397e-400,6.022928979e-403,2.903102169e-405,1.393489041e-407,6.660993258e-410
21,43,4.822286019e-379,2.415336302e-381,1.204531350e-383,5.981121188e-386,2.957189532e-388,1.455847154e-390,7.136748602e-393,3.483701013e-395,1.693343277e-397,8.196350652e-400,3.950709603e-402,1.896340609e-404,9.064665485e-407
22,45,7.194708416e-376,3.603610476e-378,1.797125224e-380,8.923656287e-383,4.412039503e-385,2.172080986e-387,1.064781828e-389,5.197579093e-392,2.526418192e-394,1.222871327e-396,5.894342127e-399,2.829284221e-401,1.352421337e-403
23,47,1.172098012e-372,5.870682214e-375,2.927716844e-377,1.453762847e-379,7.187703003e-382,3.538561478e-384,1.734648010e-386,8.467434353e-389,4.115816192e-391,1.992193384e-393,9.602538820e-396,4.609218633e-398,2.203244758e-400
24,49,2.077285972e-369,1.040449322e-371,5.188734280e-374,2.576474953e-376,1.273862294e-378,6.271322064e-381,3.074282135e-383,1.500666534e-385,7.294379101e-388,3.530724674e-390,1.701838839e-392,8.168826426e-395,3.904766823e-397
25,51,3.991457512e-366,1.999199588e-368,9.970034311e-371,4.950637727e-373,2.447697280e-375,1.205020199e-377,5.907162849e-380,2.883496441e-382,1.401598270e-384,6.784206754e-387,3.270044427e-389,1.569621325e-391,7.502920192e-394
26,53,8.289069208e-363,4.151742490e-365,2.070479372e-367,1.028100102e-369,5.083138701e-372,2.502468284e-374,1.226741899e-376,5.988163846e-379,2.910702426e-381,1.408877813e-383,6.790908957e-386,3.259636299e-388,1.558133202e-390
27,55,1.855056992e-359,9.291415892e-362,4.633641172e-364,2.300842513e-366,1.137583938e-368,5.600413232e-371,2.745394061e-373,1.340124559e-375,6.514023171e-378,3.153006174e-380,1.519775361e-382,7.294921731e-385,3.487033126e-387
28,57,4.461852213e-356,2.234805978e-358,1.114500644e-360,5.534072161e-363,2.736159283e-365,1.347032263e-367,6.603324112e-370,3.223317533e-372,1.566777130e-374,7.583727956e-377,3.655420337e-379,1.754601762e-381,8.387142032e-384
29,59,1.150509551e-352,5.762552187e-355,2.873792259e-357,1.426986501e-359,7.055315233e-362,3.473385961e-364,1.702698139e-366,8.311475662e-369,4.040008423e-371,1.955499875e-373,9.425673040e-376,4.524323059e-378,2.162663969e-380
30,61,3.172972847e-349,1.589245530e-351,7.925588099e-354,3.935464436e-356,1.945774691e-358,9.579198478e-361,4.695845382e-363,2.292209271e-365,1.114187798e-367,5.393043457e-370,2.599492076e-372,1.247756197e-374,5.964378168e-377
31,63,9.338855086e-346,4.677548287e-348,2.332699405e-350,1.158305912e-352,5.726903048e-355,2.819398424e-357,1.382105100e-359,6.746546927e-362,3.279334202e-364,1.587307984e-366,7.650957310e-369,3.672459509e-371,1.755466122e-373
32,65,2.927399598e-342,1.466245364e-344,7.312184671e-347,3.630877906e-349,1.795180836e-351,8.837813346e-354,4.332408925e-356,2.114803001e-358,1.027954876e-360,4.975647132e-363,2.398303555e-365,1.151185706e-367,5.502763211e-370
33,67,9.754292822e-339,4.885628405e-341,2.436469231e-343,1.209832997e-345,5.981663574e-348,2.944818990e-350,1.443587863e-352,7.046666176e-355,3.425214952e-357,1.657919170e-359,7.991309137e-362,3.835828386e-364,1.833557801e-366
34,69,3.448647726e-335,1.727322687e-337,8.614180674e-340,4.277386266e-342,2.114827888e-344,1.041146037e-346,5.103830786e-349,2.491361468e-351,1.210990891e-353,5.861602968e-356,2.825341682e-358,1.356164007e-360,6.482576499e-363
35,71,1.291517409e-331,6.468817633e-334,3.226007755e-336,1.601879713e-338,7.920023300e-341,3.899088394e-343,1.911382906e-345,9.330140288e-348,4.535156798e-350,2.195168333e-352,1.058089506e-354,5.078829629e-357,2.427722710e-359
36,73,5.115059184e-328,2.561977470e-330,1.277661491e-332,6.344250164e-335,3.136727978e-337,1.544235312e-339,7.570038637e-342,3.695205301e-344,1.796150425e-346,8.693971804e-349,4.190567162e-351,2.011472238e-353,9.615004224e-356
37,75,2.139137435e-324,1.071428837e-326,5.343229526e-329,2.653189834e-331,1.311791712e-333,6.458051504e-336,3.165819290e-338,1.545349077e-340,7.511570199e-343,3.635852466e-345,1.752511314e-347,8.412054308e-350,4.021031769e-352
38,77,9.432743984e-321,4.724574378e-323,2.356151378e-325,1.169951029e-327,5.784478908e-330,2.847743463e-332,1.396000200e-334,6.814373855e-337,3.312303241e-339,1.603266107e-341,7.727876798e-344,3.709380863e-346,1.773114836e-348
39,79,4.379805082e-317,2.193711067e-319,1.094006558e-321,5.432308426e-324,2.685845196e-326,1.322262250e-328,6.481898351e-331,3.164045297e-333,1.537966321e-335,7.444273959e-338,3.588202344e-340,1.722337125e-342,8.232914390e-345
40,81,2.138576700e-313,1.071147982e-315,5.341828897e-318,2.652494349e-320,1.311447850e-322,6.456358645e-325,3.164989429e-327,1.544943993e-329,7.509601179e-332,3.634899394e-334,1.752051926e-336,8.409849243e-339,4.019977729e-341
41,83,1.096760542e-309,5.493339757e-312,2.739535671e-314,1.360321161e-316,6.725708057e-319,3.311117813e-321,1.623152221e-323,7.923183724e-326,3.851269051e-328,1.864143675e-330,8.985328509e-333,4.312957684e-335,2.061629565e-337
42,85,5.900720869e-306,2.955491496e-308,1.473907447e-310,7.318712843e-313,3.618522401e-315,1.781426413e-317,8.732779692e-320,4.262780595e-322,2.072035125e-324,1.002934649e-326,4.834228934e-329,2.320429888e-331,1.109184743e-333
43,87,3.326732008e-302,1.666258814e-304,8.309654347e-307,4.126173193e-309,2.040065029e-311,1.004339707e-313,4.923401456e-316,2.403287490e-318,1.168180248e-320,5.654385068e-323,2.725460920e-325,1.308221242e-327,6.253406101e-330
44,89,1.963294895e-298,9.833546605e-301,4.904002463e-303,2.435090878e-305,1.203959095e-307,5.927183237e-310,2.905580889e-312,1.418317451e-314,6.894100015e-317,3.336976142e-319,1.608450425e-321,7.720562039e-324,3.690492725e-326
45,91,1.211614552e-294,6.068608541e-297,3.026422961e-299,1.502775539e-301,7.430031850e-304,3.657861834e-306,1.793130567e-308,8.752908531e-311,4.254578324e-313,2.059358920e-315,9.926282325e-318,4.764615516e-320,2.277525757e-322
46,93,7.811425563e-291,3.912505326e-293,1.951171487e-295,9.688575660e-298,4.790231399e-300,2.358267766e-302,1.156052964e-304,5.643105995e-307,2.742978104e-309,1.327693603e-311,6.399594272e-314,3.071805251e-316,1.468348402e-318
47,95,5.256259516e-287,2.632700418e-289,1.312931118e-291,6.519382102e-294,3.223316816e-296,1.586863663e-298,7.779008255e-301,3.797210809e-303,1.845732849e-305,8.933967404e-308,4.306247050e-310,2.066998584e-312,9.880424767e-315
48,97,3.688202930e-283,1.847308598e-285,9.212551969e-288,4.574508564e-290,2.261731273e-292,1.113467703e-294,5.458360827e-297,2.664420200e-299,1.295110578e-301,6.268770531e-304,3.021599854e-306,1.450367930e-308,6.932879068e-311
49,99,2.696318060e-279,1.350503654e-281,6.734979263e-284,3.344265565e-286,1.653473790e-288,8.140178659e-291,3.990419496e-293,1.947865788e-295,9.468107121e-298,4.582882102e-300,2.208987524e-302,1.060314011e-304,5.068388967e-307
50,101,2.052048099e-275,1.027808439e-277,5.125694034e-280,2.545172210e-282,1.258385573e-284,6.195128977e-287,3.036931311e-289,1.482434267e-291,7.205756438e-294,3.487828326e-296,1.681162440e-298,8.069579712e-301,3.857326070e-303
51,103,1.624500968e-271,8.136630936e-274,4.057748415e-276,2.014881972e-278,9.961991550e-281,4.904365071e-283,2.404182367e-285,1.173566986e-287,5.704426868e-290,2.761134349e-292,1.330889862e-294,6.388271338e-297,3.053646714e-299
52,105,1.336711409e-267,6.695180621e-270,3.338895271e-272,1.657934203e-274,8.197168250e-277,4.035528985e-279,1.978267826e-281,9.656629386e-284,4.693855296e-286,2.271983740e-288,1.095115175e-290,5.256552841e-293,2.512675881e-295
53,107,1.142410903e-263,5.721988525e-266,2.853563109e-268,1.416941682e-270,7.005651576e-273,3.448936160e-275,1.690712535e-277,8.252969661e-280,4.011570063e-282,1.941734753e-284,9.359323999e-287,4.492475520e-289,2.147440580e-291
54,109,1.013369047e-259,5.075657139e-262,2.531236807e-264,1.256890001e-266,6.214323094e-269,3.059359062e-271,1.499736868e-273,7.320749456e-276,3.558440242e-278,1.722404688e-280,8.302134732e-283,3.985024672e-285,1.904874864e-287
55,111,9.323486375e-256,4.669850567e-258,2.328860543e-260,1.156399718e-262,5.717478432e-265,2.814758613e-267,1.379830605e-269,6.735444310e-272,3.273937487e-274,1.584695792e-276,7.638366329e-279,3.666415838e-281,1.752577197e-283
56,113,8.891393859e-252,4.453428577e-254,2.220930615e-256,1.102806926e-258,5.452504630e-261,2.684309972e-263,1.315883016e-265,6.423293365e-268,3.122208421e-270,1.511253824e-272,7.284369895e-275,3.496497550e-277,1.671354845e-279
57,115,8.783499522e-248,4.399387587e-250,2.193980303e-252,1.089424702e-254,5.386340158e-257,2.651736693e-259,1.299915179e-261,6.345348670e-264,3.084321379e-266,1.492915222e-268,7.195976301e-271,3.454068624e-273,1.651073467e-275
58,117,8.982691297e-244,4.499156684e-246,2.243735282e-248,1.114130623e-250,5.508491319e-253,2.711872649e-255,1.329394592e-257,6.489248179e-260,3.154267469e-262,1.526771481e-264,7.359166302e-267,3.532399825e-269,1.688516431e-271
59,119,9.504526487e-240,4.760528049e-242,2.374081521e-244,1.178854272e-246,5.828498377e-249,2.869414585e-251,1.406623661e-253,6.866230750e-256,3.337509630e-258,1.615466846e-260,7.786685385e-263,3.737608985e-265,1.786608112e-267
60,121,1.039901354e-235,5.208549388e-238,2.597510344e-240,1.289798240e-242,6.377028208e-245,3.139460041e-247,1.539003390e-249,7.512423329e-252,3.651608301e-254,1.767501161e-256,8.519503504e-259,4.089361682e-261,1.954748821e-263
61,123,1.175850552e-231,5.889477548e-234,2.937090102e-236,1.458417154e-238,7.210714856e-241,3.549890391e-243,1.740201587e-245,8.494543342e-248,4.128993219e-250,1.998571508e-252,9.633281912e-255,4.623975318e-257,2.210298575e-259
62,125,1.373342523e-227,6.878654725e-230,3.430394045e-232,1.703368077e-234,8.421802683e-237,4.146118244e-239,2.032480092e-241,9.921258755e-244,4.822485268e-246,2.334244970e-248,1.125125609e-250,5.400602924e-253,2.581533016e-255
63,127,1.655953645e-223,8.294167820e-226,4.136312264e-228,2.053892986e-230,1.015487004e-232,4.999320636e-235,2.450730797e-237,1.196288931e-239,5.814872781e-242,2.814593884e-244,1.356657805e-246,6.511957464e-249,3.112769709e-251
64,129,2.060358991e-219,1.031971112e-221,5.146453337e-224,2.555480278e-226,1.263482094e-228,6.220219542e-231,3.049231026e-233,1.488438196e-235,7.234940092e-238,3.501954196e-240,1.687971227e-242,8.102261891e-245,3.872948423e-247
65,131,2.643946037e-215,1.324272102e-217,6.604162170e-220,3.279308112e-222,1.621357487e-224,7.982067630e-227,3.912911451e-229,1.910031352e-231,9.284203029e-234,4.493866340e-236,2.166081181e-238,1.039718967e-240,4.969942946e-243
66,133,3.497624649e-211,1.751853737e-213,8.736517339e-216,4.338132748e-218,2.144862200e-220,1.055932160e-222,5.176314247e-225,2.526743226e-227,1.228189112e-229,5.944848140e-232,2.865466551e-234,1.375423945e-236,6.574640598e-239
67,135,4.767676829e-207,2.387984220e-209,1.190890832e-211,5.913388959e-214,2.923701322e-216,1.439360651e-218,7.055929658e-221,3.444250410e-223,1.674167288e-225,8.103532418e-228,3.905970437e-230,1.874865810e-232,8.962014162e-235
68,137,6.693624213e-203,3.352632649e-205,1.671962256e-207,8.302157410e-210,4.104757655e-212,2.020803769e-214,9.906238049e-217,4.835587387e-219,2.350462730e-221,1.137702968e-223,5.483823513e-226,2.632235286e-228,1.258230311e-230
69,139,9.674983999e-199,4.845905029e-201,2.416659131e-203,1.199996258e-205,5.933028711e-208,2.920875673e-210,1.431850543e-212,6.989372140e-215,3.397365699e-217,1.644439195e-219,7.926334531e-222,3.804640575e-224,1.818649769e-226
70,141,1.439104879e-194,7.208038351e-197,3.594658087e-199,1.784933671e-201,8.825079779e-204,4.344654660e-206,2.129805178e-208,1.039633714e-210,5.053409446e-213,2.446020034e-215,1.179002125e-217,5.659210201e-220,2.705149441e-222
71,143,2.201972391e-190,1.102900954e-192,5.500181380e-195,2.731124547e-197,1.350324240e-199,6.647750103e-202,3.258811966e-204,1.590742112e-206,7.732214823e-209,3.742651881e-211,1.803989526e-213,8.659149724e-216,4.139145428e-218
72,145,3.464474790e-186,1.735249982e-188,8.653714194e-191,4.297016703e-193,2.124533580e-195,1.045924224e-197,5.127254069e-200,2.502795207e-202,1.216548556e-204,5.888503936e-207,2.838308173e-209,1.362387923e-211,6.512327334e-214
73,147,5.602767977e-182,2.806255961e-184,1.399483492e-186,6.949159409e-189,3.435807571e-191,1.691474496e-193,8.291823914e-196,4.047534385e-198,1.967409119e-200,9.522921449e-203,4.590127828e-205,2.203261357e-207,1.053177213e-209
74,149,9.309913875e-178,4.663052515e-180,2.325470345e-182,1.154716309e-184,5.709155315e-187,2.810661078e-189,1.377821941e-191,6.725639306e-194,3.269171511e-196,1.582388899e-198,7.627246912e-201,3.661078518e-203,1.750025914e-205
75,151,1.588945171e-173,7.958542772e-176,3.968935616e-178,1.970781823e-180,9.743951331e-183,4.797022194e-185,2.351561518e-187,1.147880877e-189,5.579572869e-192,2.700700817e-194,1.301760394e-196,6.248449890e-199,2.986810902e-201
76,153,2.784447105e-169,1.394644811e-171,6.955111784e-174,3.453572748e-176,1.707517513e-178,8.406240064e-181,4.120846193e-183,2.011531701e-185,9.777571813e-188,4.732673415e-190,2.281188190e-192,1.094970331e-194,5.234049052e-197
77,155,5.008254997e-165,2.508482503e-167,1.250983482e-169,6.211780048e-172,3.071232024e-174,1.511991150e-176,7.411973638e-179,3.618048149e-181,1.758646189e-183,8.512438695e-186,4.103066685e-188,1.969472009e-190,9.414239644e-193
78,157,9.242846181e-161,4.629460348e-163,2.308717888e-165,1.146397848e-167,5.668027127e-170,2.790413355e-172,1.367896249e-174,6.677188469e-177,3.245620724e-179,1.570989527e-181,7.572300984e-184,3.634704472e-186,1.737418901e-188
79,159,1.749665299e-156,8.763540978e-159,4.370389267e-161,2.170124326e-163,1.072954173e-165,5.282235929e-168,2.589419485e-170,1.263987816e-172,6.143940779e-175,2.973873856e-177,1.433432085e-179,6.880474006e-182,3.288923674e-184
80,161,3.396220501e-152,1.701063486e-154,8.483225694e-157,4.212360345e-159,2.082677733e-161,1.025318268e-163,5.026241043e-166,2.453487153e-168,1.192581097e-170,5.772493379e-173,2.782390114e-175,1.335547255e-177,6.384026711e-180
81,163,6.757616475e-148,3.384684426e-150,1.687946519e-152,8.381527542e-155,4.143999883e-157,2.040123019e-159,1.000094348e-161,4.881816480e-164,2.372933580e-166,1.148579615e-168,5.536249861e-171,2.657399933e-173,1.270259221e-175
82,165,1.377895793e-143,6.901460666e-146,3.441767397e-148,1.709015535e-150,8.449724878e-153,4.159864555e-155,2.039218710e-157,9.954152345e-160,4.838474051e-162,2.341984079e-164,1.128855924e-166,5.418508436e-169,2.590091999e-171
83,167,2.878299452e-139,1.441652595e-141,7.189540216e-144,3.569978590e-146,1.765070959e-148,8.689580108e-151,4.259743100e-153,2.079332225e-155,1.010713385e-157,4.892192520e-160,2.358077734e-162,1.131877312e-164,5.410467484e-167
84,169,6.157820190e-135,3.084264721e-137,1.538126822e-139,7.637595254e-142,3.776184435e-144,1.859044645e-146,9.113274174e-149,4.448513495e-151,2.162315420e-153,1.046633346e-155,5.044860314e-158,2.421532950e-160,1.157512846e-162
85,171,1.348860624e-130,6.756032342e-133,3.369242103e-135,1.673002975e-137,8.271671362e-140,4.072207440e-142,1.996248073e-144,9.744397372e-147,4.736517203e-149,2.292633537e-151,1.105068550e-153,5.304329041e-156,2.535513301e-158
86,173,3.024382168e-126,1.514820981e-128,7.554431907e-131,3.751166188e-133,1.854653841e-135,9.130603523e-138,4.475938408e-140,2.184864850e-142,1.062010256e-144,5.140486618e-147,2.477757567e-149,1.189323632e-151,5.685065660e-154
87,175,6.939353434e-122,3.475710938e-124,1.733341558e-126,8.606937394e-129,4.255447158e-131,2.094989370e-133,1.026990534e-135,5.013106334e-138,2.436750421e-140,1.179469111e-142,5.685139816e-145,2.728867112e-147,1.304421126e-149
88,177,1.628920855e-117,8.158768802e-120,4.068788598e-122,2.020363993e-124,9.989095795e-127,4.917708699e-129,2.410723584e-131,1.176759987e-133,5.719947276e-136,2.768646749e-138,1.334510902e-140,6.405652328e-143,3.061954971e-145
89,179,3.910822081e-113,1.958811755e-115,9.768619663e-118,4.850624936e-120,2.398248895e-122,1.180676379e-124,5.787826336e-127,2.825244042e-129,1.373283180e-131,6.647152199e-134,3.203982984e-136,1.537911833e-138,7.351346187e-141
90,181,9.600949391e-109,4.808823347e-111,2.398166448e-113,1.190813685e-115,5.887628175e-118,2.898524640e-120,1.420893781e-122,6.935888287e-125,3.371368484e-127,1.631855669e-129,7.865680884e-132,3.775526824e-134,1.804733154e-136
91,183,2.409526461e-104,1.206858471e-106,6.018618867e-109,2.988555575e-111,1.477603443e-113,7.274355413e-116,3.565981888e-118,1.740682684e-120,8.461039882e-123,4.095427708e-125,1.974030426e-127,9.475346047e-130,4.529294044e-132
92,185,6.180395864e-100,3.095572189e-102,1.543765871e-104,7.665596049e-107,3.790028604e-109,1.865860236e-111,9.146685072e-114,4.464822543e-116,2.170242857e-118,1.050470492e-120,5.063355676e-123,2.430410725e-125,1.161756496e-127
93,187,1.619816751e-95,8.113169117e-98,4.046047975e-100,2.009072098e-102,9.933266339e-105,4.890223428e-107,2.397249953e-109,1.170183028e-111,5.687978262e-114,2.753172671e-116,1.327052267e-118,6.369850880e-121,3.044841583e-123
94,189,4.336911711e-91,2.172227083e-93,1.083292467e-95,5.379107424e-98,2.659541525e-100,1.309312751e-102,6.418418250e-105,3.133058400e-107,1.522904336e-109,7.371368888e-112,3.553061489e-114,1.705469515e-116,8.152285813e-119
95,191,1.185939655e-86,5.940010793e-89,2.962291097e-91,1.470930752e-93,7.272584660e-96,3.580349371e-98,1.755132968e-100,8.567428727e-103,4.164421052e-105,2.015719770e-107,9.715937970e-110,4.663650225e-112,2.229263510e-114
96,193,3.311434511e-82,1.658596764e-84,8.271443601e-87,4.107199581e-89,2.030684085e-91,9.997213956e-94,4.900761905e-96,2.392236320e-98,1.162808540e-100,5.628384195e-103,2.712928281e-105,1.302205575e-107,6.224650716e-110
97,195,9.439468764e-78,4.727942616e-80,2.357831123e-82,1.170785109e-84,5.788602772e-87,2.849773672e-89,1.396995434e-91,6.819231950e-94,3.314664644e-96,1.604409105e-98,7.733386147e-101,3.712025350e-103,1.774378923e-105
98,197,2.746406973e-73,1.375591666e-75,6.860093505e-78,3.406391258e-80,1.684190012e-82,8.291396984e-85,4.064548649e-87,1.984050866e-89,9.643994083e-92,4.668017304e-94,2.250023404e-96,1.080011234e-98,5.162543325e-101
99,199,8.154140711e-69,4.084160913e-71,2.036776351e-73,1.011364809e-75,5.000395965e-78,2.461733398e-80,1.206773138e-82,5.890689217e-85,2.863322354e-87,1.385944265e-89,6.680367337e-92,3.206576322e-94,1.532770092e-96
100,201,2.470013327e-64,1.237154501e-66,6.169705564e-69,3.063577935e-71,1.514696043e-73,7.456965137e-76,3.655499505e-78,1.784379420e-80,8.673439204e-83,4.198236119e-85,2.023584941e-87,9.713207717e-90,4.642993896e-92
101,203,7.632059467e-60,3.822666307e-62,1.906368652e-64,9.466106409e-67,4.680238019e-69,2.304117178e-71,1.129507655e-73,5.513528893e-76,2.679993791e-78,1.297207079e-80,6.252646672e-83,3.001270403e-85,1.434632159e-87
102,205,2.405031760e-55,1.204607212e-57,6.007391811e-60,2.982980761e-62,1.474847140e-64,7.260785922e-67,3.559329950e-69,1.737435637e-71,8.445256765e-74,4.087788148e-76,1.970348095e-78,9.457670856e-81,4.520845156e-83
103,207,7.727756402e-51,3.870597989e-53,1.930272244e-55,9.584800108e-58,4.738922629e-60,2.333008063e-62,1.143670336e-64,5.582661978e-67,2.713597721e-69,1.313472510e-71,6.331047413e-74,3.038902758e-76,1.452620738e-78
104,209,2.531384325e-46,1.267893366e-48,6.323000684e-51,3.139696891e-53,1.552330823e-55,7.642244054e-58,3.746325596e-60,1.828714867e-62,8.888943151e-65,4.302547273e-67,2.073863790e-69,9.954546194e-72,4.758355691e-74
105,211,8.451910283e-42,4.233304629e-44,2.111154516e-46,1.048297415e-48,5.182998377e-51,2.551629970e-53,1.250841586e-55,6.105802994e-58,2.967883987e-60,1.436555610e-62,6.924318256e-65,3.323672763e-67,1.588743163e-69
106,213,2.875844401e-37,1.440422935e-39,7.183407881e-42,3.566933569e-44,1.763565438e-46,8.682168311e-49,4.256109742e-51,2.077558654e-53,1.009851295e-55,4.888019714e-58,2.356066406e-60,1.130911875e-62,5.405852614e-65
107,215,9.970401782e-33,4.993870806e-35,2.490449856e-37,1.236637170e-39,6.114188927e-42,3.010062241e-44,1.475570937e-46,7.202786946e-49,3.501101503e-51,1.694650811e-53,8.168358723e-56,3.920812187e-58,1.874180763e-60
108,217,3.521447244e-28,1.763785750e-30,8.796022442e-33,4.367680109e-35,2.159471024e-37,1.063124196e-39,5.211570529e-42,2.543953072e-44,1.236554404e-46,5.985338966e-49,2.884983468e-51,1.384792065e-53,6.619420990e-56
109,219,1.266825617e-23,6.345143959e-26,3.164331533e-28,1.571254278e-30,7.768604843e-33,3.824543923e-35,1.874840255e-37,9.151762601e-40,4.448451694e-42,2.153200148e-44,1.037860490e-46,4.981730351e-49,2.381308450e-51
110,221,4.641163125e-19,2.324617357e-21,1.159289695e-23,5.756472967e-26,2.846118823e-28,1.401166190e-30,6.868695535e-33,3.352854770e-35,1.629742065e-37,7.888499409e-40,3.802322728e-42,1.825114909e-44,8.724200728e-47
111,223,1.731329434e-14,8.671702208e-17,4.324589153e-19,2.147382200e-21,1.061709998e-23,5.226879988e-26,2.562283296e-28,1.250741677e-30,6.079554480e-33,2.942708723e-35,1.418410230e-37,6.808369103e-40,3.254456932e-42
112,225,6.575144334e-10,3.293289684e-12,1.642367842e-14,8.155205838e-17,4.032101770e-19,1.985034718e-21,9.730893595e-24,4.749995518e-26,2.308858581e-28,1.117565162e-30,5.386757600e-33,2.585643648e-35,1.235959121e-37
113,227,2.541760515e-5,1.273090484e-7,6.348918777e-10,3.152566565e-12,1.558693855e-14,7.673569750e-17,3.761681852e-19,1.836210802e-21,8.925379089e-24,4.320183492e-26,2.082364595e-28,9.995350057e-31,4.777860276e-33
114,229,1.000000000e0,5.008695652e-3,2.497843027e-5,1.240308261e-7,6.132339559e-10,3.018997937e-12,1.479951329e-14,7.224169199e-17,3.511494902e-19,1.699681566e-21,8.192607380e-24,3.932451543e-26,1.879744472e-28
115,231,4.003454138e4,2.005208333e2,1.000000000e0,4.965517241e-3,2.455054018e-5,1.208641978e-7,5.924917271e-10,2.892163007e-12,1.405810879e-14,6.804597198e-17,3.279872792e-19,1.574338940e-21,7.525470783e-24
