m,"R(m,115)",comparison,sign control k=0..115
229,4.00345413773148e4,>1,fails
230,2.00520833333333e2,>1,fails
231,1.00000000000000e0,=1,equality at k=115
232,4.96551724137931e-3,<1,holds strictly
233,2.45505401805535e-5,<1,holds strictly
234,1.20864197811956e-7,<1,holds strictly
235,5.92491727146268e-10,<1,holds strictly
236,2.89216300708687e-12,<1,holds strictly
237,1.40581087939412e-14,<1,holds strictly
238,6.80459719773962e-17,<1,holds strictly
239,3.27987279154646e-19,<1,holds strictly
240,1.57433893994230e-21,<1,holds strictly
241,7.52547078345863e-24,<1,holds strictly
