n,2n+1,tail(n)=M_phi q^(2n+3)/(1-q^2),c(n)_lo,c(n)_hi,tail(n)<eps/2 for eps of (A.60),admissible for some c<1
100,201,6.85677298527307e-20,1.09143422634e3,1.09143422635e3,no,no
101,203,4.18504210526921e-20,6.66158585414e2,6.66158585415e2,no,no
102,205,2.55434698807935e-20,4.06590933480e2,4.06590933481e2,no,no
103,207,1.55904967534140e-20,2.48163411548e2,2.48163411549e2,no,no
104,209,9.51568405359741e-21,1.51466925993e2,1.51466925994e2,no,no
105,211,5.80791263036951e-21,9.24480749473e1,9.24480749474e1,no,no
106,213,3.54486854880952e-21,5.64258269942e1,5.64258269943e1,no,no
107,215,2.16361605762300e-21,3.44395916713e1,3.44395916714e1,no,no
108,217,1.32056644142029e-21,2.10202585884e1,2.10202585885e1,no,no
109,219,8.06009790905936e-22,1.28297476736e1,1.28297476737e1,no,no
110,221,4.91949335269737e-22,7.83065653906e0,7.83065653907e0,no,no
111,223,3.00262045452720e-22,4.77945345402e0,4.77945345403e0,no,no
112,225,1.83265408601514e-22,2.91714688355e0,2.91714688356e0,no,no
113,227,1.11856328492135e-22,1.78048515842e0,1.78048515843e0,no,no
114,229,6.82716848706878e-23,1.08672189845e0,1.08672189846e0,no,no
115,231,4.16697295353319e-23,6.63282408722e-1,6.63282408723e-1,yes,yes
116,233,2.54331845308422e-23,4.04835454542e-1,4.04835454543e-1,yes,yes
117,235,1.55231839177504e-23,2.47091952235e-1,2.47091952236e-1,yes,yes
118,237,9.47459955917381e-24,1.50812959128e-1,1.50812959129e-1,yes,yes
119,239,5.78283664500355e-24,9.20489252490e-2,9.20489252491e-2,yes,yes
120,241,3.52956338196017e-24,5.61822053521e-2,5.61822053522e-2,yes,yes
121,243,2.15427452512218e-24,3.42908968214e-2,3.42908968215e-2,yes,yes
122,245,1.31486482246227e-24,2.09295024544e-2,2.09295024545e-2,yes,yes
123,247,8.02529798866129e-25,1.27743545254e-2,1.27743545255e-2,yes,yes
124,249,4.89825316690753e-25,7.79684724452e-3,7.79684724453e-3,yes,yes
125,251,2.98965647394258e-25,4.75881789827e-3,4.75881789828e-3,yes,yes
126,253,1.82474150020910e-25,2.90455193986e-3,2.90455193987e-3,yes,yes
127,255,1.11373382581122e-25,1.77279781485e-3,1.77279781486e-3,yes,yes
128,257,6.79769180792978e-26,1.08202991629e-3,1.08202991630e-3,yes,yes
129,259,4.14898181636339e-26,6.60418650082e-4,6.60418650083e-4,yes,yes
130,261,2.53233753440148e-26,4.03087554981e-4,4.03087554982e-4,yes,yes
